claim_id,split,claim_class
CLM-000001,train,Manual Review
CLM-000002,train,Manual Review
CLM-000003,train,Manual Review
CLM-000004,test,Manual Review
CLM-000005,train,Manual Review
CLM-000006,test,Valid Claim
CLM-000007,train,Manual Review
CLM-000008,validation,Invalid Claim
CLM-000009,train,Valid Claim
CLM-000010,validation,Valid Claim
CLM-000011,train,Manual Review
CLM-000012,train,Valid Claim
CLM-000013,train,Valid Claim
CLM-000014,train,Manual Review
CLM-000015,train,Invalid Claim
CLM-000016,train,Valid Claim
CLM-000017,train,Valid Claim
CLM-000018,train,Valid Claim
CLM-000019,train,Invalid Claim
CLM-000020,train,Manual Review
CLM-000021,train,Valid Claim
CLM-000022,train,Manual Review
CLM-000023,train,Valid Claim
CLM-000024,train,Manual Review
CLM-000025,train,Valid Claim
CLM-000026,train,Invalid Claim
CLM-000027,train,Manual Review
CLM-000028,train,Valid Claim
CLM-000029,train,Invalid Claim
CLM-000030,test,Manual Review
CLM-000031,train,Invalid Claim
CLM-000032,validation,Valid Claim
CLM-000033,train,Invalid Claim
CLM-000034,train,Valid Claim
CLM-000035,validation,Invalid Claim
CLM-000036,train,Valid Claim
CLM-000037,test,Manual Review
CLM-000038,train,Invalid Claim
CLM-000039,train,Manual Review
CLM-000040,train,Valid Claim
CLM-000041,train,Valid Claim
CLM-000042,test,Manual Review
CLM-000043,test,Manual Review
CLM-000044,train,Valid Claim
CLM-000045,train,Manual Review
CLM-000046,train,Manual Review
CLM-000047,train,Invalid Claim
CLM-000048,train,Valid Claim
CLM-000049,train,Manual Review
CLM-000050,test,Invalid Claim
CLM-000051,train,Manual Review
CLM-000052,test,Valid Claim
CLM-000053,train,Valid Claim
CLM-000054,train,Invalid Claim
CLM-000055,train,Valid Claim
CLM-000056,test,Valid Claim
CLM-000057,validation,Valid Claim
CLM-000058,train,Invalid Claim
CLM-000059,train,Manual Review
CLM-000060,test,Invalid Claim
CLM-000061,test,Manual Review
CLM-000062,validation,Invalid Claim
CLM-000063,train,Invalid Claim
CLM-000064,train,Valid Claim
CLM-000065,validation,Valid Claim
CLM-000066,train,Invalid Claim
CLM-000067,train,Valid Claim
CLM-000068,train,Valid Claim
CLM-000069,validation,Manual Review
CLM-000070,train,Invalid Claim
CLM-000071,validation,Invalid Claim
CLM-000072,train,Manual Review
CLM-000073,train,Valid Claim
CLM-000074,train,Valid Claim
CLM-000075,train,Invalid Claim
CLM-000076,test,Invalid Claim
CLM-000077,train,Manual Review
CLM-000078,train,Valid Claim
CLM-000079,train,Valid Claim
CLM-000080,train,Valid Claim
CLM-000081,train,Invalid Claim
CLM-000082,train,Manual Review
CLM-000083,train,Valid Claim
CLM-000084,train,Valid Claim
CLM-000085,train,Manual Review
CLM-000086,validation,Manual Review
CLM-000087,train,Invalid Claim
CLM-000088,train,Manual Review
CLM-000089,test,Valid Claim
CLM-000090,train,Invalid Claim
CLM-000091,train,Manual Review
CLM-000092,train,Valid Claim
CLM-000093,train,Manual Review
CLM-000094,train,Invalid Claim
CLM-000095,validation,Valid Claim
CLM-000096,train,Valid Claim
CLM-000097,train,Manual Review
CLM-000098,train,Invalid Claim
CLM-000099,train,Valid Claim
CLM-000100,validation,Invalid Claim
CLM-000101,train,Valid Claim
CLM-000102,validation,Invalid Claim
CLM-000103,train,Valid Claim
CLM-000104,validation,Manual Review
CLM-000105,train,Valid Claim
CLM-000106,train,Manual Review
CLM-000107,train,Invalid Claim
CLM-000108,validation,Manual Review
CLM-000109,train,Invalid Claim
CLM-000110,validation,Manual Review
CLM-000111,train,Manual Review
CLM-000112,test,Invalid Claim
CLM-000113,train,Invalid Claim
CLM-000114,train,Invalid Claim
CLM-000115,validation,Valid Claim
CLM-000116,train,Valid Claim
CLM-000117,train,Manual Review
CLM-000118,train,Manual Review
CLM-000119,test,Manual Review
CLM-000120,train,Manual Review
CLM-000121,train,Manual Review
CLM-000122,train,Valid Claim
CLM-000123,train,Manual Review
CLM-000124,train,Invalid Claim
CLM-000125,train,Valid Claim
CLM-000126,test,Manual Review
CLM-000127,validation,Valid Claim
CLM-000128,train,Manual Review
CLM-000129,validation,Manual Review
CLM-000130,train,Invalid Claim
CLM-000131,train,Valid Claim
CLM-000132,train,Invalid Claim
CLM-000133,test,Invalid Claim
CLM-000134,test,Manual Review
CLM-000135,train,Invalid Claim
CLM-000136,train,Invalid Claim
CLM-000137,train,Manual Review
CLM-000138,train,Invalid Claim
CLM-000139,train,Valid Claim
CLM-000140,train,Invalid Claim
CLM-000141,test,Manual Review
CLM-000142,test,Invalid Claim
CLM-000143,train,Manual Review
CLM-000144,train,Valid Claim
CLM-000145,train,Valid Claim
CLM-000146,validation,Manual Review
CLM-000147,train,Valid Claim
CLM-000148,train,Valid Claim
CLM-000149,train,Invalid Claim
CLM-000150,test,Manual Review
CLM-000151,train,Manual Review
CLM-000152,train,Manual Review
CLM-000153,train,Invalid Claim
CLM-000154,validation,Valid Claim
CLM-000155,test,Valid Claim
CLM-000156,train,Manual Review
CLM-000157,train,Valid Claim
CLM-000158,train,Invalid Claim
CLM-000159,train,Valid Claim
CLM-000160,train,Valid Claim
CLM-000161,test,Valid Claim
CLM-000162,train,Manual Review
CLM-000163,test,Manual Review
CLM-000164,validation,Invalid Claim
CLM-000165,train,Valid Claim
CLM-000166,train,Manual Review
CLM-000167,test,Invalid Claim
CLM-000168,train,Manual Review
CLM-000169,train,Valid Claim
CLM-000170,validation,Valid Claim
CLM-000171,train,Manual Review
CLM-000172,validation,Invalid Claim
CLM-000173,train,Invalid Claim
CLM-000174,test,Valid Claim
CLM-000175,train,Invalid Claim
CLM-000176,train,Manual Review
CLM-000177,train,Invalid Claim
CLM-000178,train,Valid Claim
CLM-000179,test,Valid Claim
CLM-000180,train,Invalid Claim
CLM-000181,train,Manual Review
CLM-000182,train,Invalid Claim
CLM-000183,test,Manual Review
CLM-000184,validation,Invalid Claim
CLM-000185,train,Valid Claim
CLM-000186,train,Manual Review
CLM-000187,train,Valid Claim
CLM-000188,train,Manual Review
CLM-000189,validation,Valid Claim
CLM-000190,train,Invalid Claim
CLM-000191,train,Manual Review
CLM-000192,train,Invalid Claim
CLM-000193,train,Manual Review
CLM-000194,train,Manual Review
CLM-000195,train,Manual Review
CLM-000196,train,Valid Claim
CLM-000197,train,Valid Claim
CLM-000198,train,Invalid Claim
CLM-000199,train,Invalid Claim
CLM-000200,train,Valid Claim
CLM-000201,validation,Invalid Claim
CLM-000202,validation,Manual Review
CLM-000203,train,Valid Claim
CLM-000204,test,Manual Review
CLM-000205,validation,Invalid Claim
CLM-000206,validation,Invalid Claim
CLM-000207,train,Invalid Claim
CLM-000208,train,Valid Claim
CLM-000209,validation,Invalid Claim
CLM-000210,train,Manual Review
CLM-000211,train,Valid Claim
CLM-000212,test,Invalid Claim
CLM-000213,validation,Manual Review
CLM-000214,validation,Valid Claim
CLM-000215,train,Valid Claim
CLM-000216,train,Invalid Claim
CLM-000217,train,Invalid Claim
CLM-000218,train,Manual Review
CLM-000219,train,Valid Claim
CLM-000220,train,Valid Claim
CLM-000221,train,Valid Claim
CLM-000222,train,Valid Claim
CLM-000223,train,Manual Review
CLM-000224,train,Manual Review
CLM-000225,train,Manual Review
CLM-000226,validation,Valid Claim
CLM-000227,train,Manual Review
CLM-000228,test,Manual Review
CLM-000229,train,Invalid Claim
CLM-000230,validation,Invalid Claim
CLM-000231,train,Invalid Claim
CLM-000232,train,Manual Review
CLM-000233,test,Manual Review
CLM-000234,train,Invalid Claim
CLM-000235,train,Invalid Claim
CLM-000236,train,Manual Review
CLM-000237,validation,Manual Review
CLM-000238,train,Manual Review
CLM-000239,train,Valid Claim
CLM-000240,train,Valid Claim
CLM-000241,train,Valid Claim
CLM-000242,train,Valid Claim
CLM-000243,validation,Valid Claim
CLM-000244,train,Manual Review
CLM-000245,train,Invalid Claim
CLM-000246,train,Valid Claim
CLM-000247,train,Valid Claim
CLM-000248,test,Invalid Claim
CLM-000249,test,Valid Claim
CLM-000250,train,Manual Review
CLM-000251,train,Invalid Claim
CLM-000252,validation,Invalid Claim
CLM-000253,validation,Valid Claim
CLM-000254,validation,Manual Review
CLM-000255,train,Valid Claim
CLM-000256,train,Manual Review
CLM-000257,train,Valid Claim
CLM-000258,train,Valid Claim
CLM-000259,train,Valid Claim
CLM-000260,train,Invalid Claim
CLM-000261,train,Valid Claim
CLM-000262,train,Manual Review
CLM-000263,train,Valid Claim
CLM-000264,train,Manual Review
CLM-000265,train,Manual Review
CLM-000266,test,Valid Claim
CLM-000267,test,Invalid Claim
CLM-000268,train,Invalid Claim
CLM-000269,test,Valid Claim
CLM-000270,train,Manual Review
CLM-000271,validation,Invalid Claim
CLM-000272,train,Manual Review
CLM-000273,train,Manual Review
CLM-000274,train,Invalid Claim
CLM-000275,train,Manual Review
CLM-000276,validation,Valid Claim
CLM-000277,test,Valid Claim
CLM-000278,validation,Valid Claim
CLM-000279,train,Manual Review
CLM-000280,train,Manual Review
CLM-000281,train,Valid Claim
CLM-000282,train,Invalid Claim
CLM-000283,test,Manual Review
CLM-000284,validation,Invalid Claim
CLM-000285,validation,Invalid Claim
CLM-000286,train,Valid Claim
CLM-000287,train,Manual Review
CLM-000288,train,Manual Review
CLM-000289,train,Valid Claim
CLM-000290,test,Manual Review
CLM-000291,train,Manual Review
CLM-000292,train,Manual Review
CLM-000293,train,Invalid Claim
CLM-000294,test,Invalid Claim
CLM-000295,train,Valid Claim
CLM-000296,train,Valid Claim
CLM-000297,train,Manual Review
CLM-000298,train,Manual Review
CLM-000299,test,Valid Claim
CLM-000300,train,Invalid Claim
CLM-000301,train,Manual Review
CLM-000302,validation,Manual Review
CLM-000303,train,Valid Claim
CLM-000304,train,Invalid Claim
CLM-000305,validation,Manual Review
CLM-000306,train,Invalid Claim
CLM-000307,train,Invalid Claim
CLM-000308,train,Manual Review
CLM-000309,test,Manual Review
CLM-000310,validation,Valid Claim
CLM-000311,train,Valid Claim
CLM-000312,test,Manual Review
CLM-000313,test,Invalid Claim
CLM-000314,test,Manual Review
CLM-000315,train,Manual Review
CLM-000316,test,Manual Review
CLM-000317,train,Valid Claim
CLM-000318,validation,Valid Claim
CLM-000319,train,Valid Claim
CLM-000320,train,Valid Claim
CLM-000321,train,Invalid Claim
CLM-000322,train,Manual Review
CLM-000323,train,Invalid Claim
CLM-000324,test,Invalid Claim
CLM-000325,validation,Manual Review
CLM-000326,validation,Manual Review
CLM-000327,train,Manual Review
CLM-000328,test,Manual Review
CLM-000329,train,Manual Review
CLM-000330,train,Manual Review
CLM-000331,validation,Valid Claim
CLM-000332,train,Manual Review
CLM-000333,train,Manual Review
CLM-000334,train,Invalid Claim
CLM-000335,train,Invalid Claim
CLM-000336,train,Valid Claim
CLM-000337,train,Invalid Claim
CLM-000338,train,Manual Review
CLM-000339,train,Valid Claim
CLM-000340,train,Valid Claim
CLM-000341,validation,Invalid Claim
CLM-000342,train,Invalid Claim
CLM-000343,test,Manual Review
CLM-000344,validation,Manual Review
CLM-000345,train,Valid Claim
CLM-000346,train,Manual Review
CLM-000347,train,Manual Review
CLM-000348,validation,Valid Claim
CLM-000349,train,Manual Review
CLM-000350,train,Invalid Claim
CLM-000351,train,Manual Review
CLM-000352,train,Invalid Claim
CLM-000353,train,Manual Review
CLM-000354,train,Valid Claim
CLM-000355,train,Valid Claim
CLM-000356,train,Valid Claim
CLM-000357,train,Manual Review
CLM-000358,train,Invalid Claim
CLM-000359,train,Invalid Claim
CLM-000360,validation,Valid Claim
CLM-000361,train,Manual Review
CLM-000362,validation,Manual Review
CLM-000363,train,Invalid Claim
CLM-000364,train,Invalid Claim
CLM-000365,validation,Invalid Claim
CLM-000366,train,Invalid Claim
CLM-000367,train,Invalid Claim
CLM-000368,test,Manual Review
CLM-000369,train,Invalid Claim
CLM-000370,validation,Manual Review
CLM-000371,train,Invalid Claim
CLM-000372,validation,Valid Claim
CLM-000373,validation,Manual Review
CLM-000374,validation,Manual Review
CLM-000375,train,Valid Claim
CLM-000376,validation,Valid Claim
CLM-000377,train,Valid Claim
CLM-000378,train,Manual Review
CLM-000379,train,Invalid Claim
CLM-000380,train,Valid Claim
CLM-000381,train,Invalid Claim
CLM-000382,test,Valid Claim
CLM-000383,train,Valid Claim
CLM-000384,train,Valid Claim
CLM-000385,test,Manual Review
CLM-000386,train,Invalid Claim
CLM-000387,train,Manual Review
CLM-000388,train,Valid Claim
CLM-000389,train,Valid Claim
CLM-000390,test,Manual Review
CLM-000391,train,Valid Claim
CLM-000392,train,Valid Claim
CLM-000393,train,Manual Review
CLM-000394,train,Invalid Claim
CLM-000395,train,Invalid Claim
CLM-000396,train,Valid Claim
CLM-000397,train,Invalid Claim
CLM-000398,train,Manual Review
CLM-000399,train,Valid Claim
CLM-000400,test,Invalid Claim
CLM-000401,train,Invalid Claim
CLM-000402,train,Valid Claim
CLM-000403,test,Invalid Claim
CLM-000404,train,Invalid Claim
CLM-000405,train,Manual Review
CLM-000406,train,Manual Review
CLM-000407,train,Valid Claim
CLM-000408,train,Invalid Claim
CLM-000409,train,Manual Review
CLM-000410,train,Invalid Claim
CLM-000411,train,Valid Claim
CLM-000412,train,Invalid Claim
CLM-000413,validation,Invalid Claim
CLM-000414,validation,Manual Review
CLM-000415,train,Invalid Claim
CLM-000416,train,Manual Review
CLM-000417,validation,Invalid Claim
CLM-000418,train,Valid Claim
CLM-000419,train,Invalid Claim
CLM-000420,test,Manual Review
CLM-000421,train,Invalid Claim
CLM-000422,train,Valid Claim
CLM-000423,train,Valid Claim
CLM-000424,validation,Valid Claim
CLM-000425,train,Invalid Claim
CLM-000426,test,Invalid Claim
CLM-000427,test,Valid Claim
CLM-000428,train,Valid Claim
CLM-000429,train,Valid Claim
CLM-000430,train,Manual Review
CLM-000431,train,Valid Claim
CLM-000432,train,Valid Claim
CLM-000433,train,Manual Review
CLM-000434,validation,Invalid Claim
CLM-000435,train,Invalid Claim
CLM-000436,train,Manual Review
CLM-000437,test,Valid Claim
CLM-000438,train,Manual Review
CLM-000439,train,Invalid Claim
CLM-000440,train,Manual Review
CLM-000441,train,Invalid Claim
CLM-000442,train,Valid Claim
CLM-000443,train,Manual Review
CLM-000444,test,Valid Claim
CLM-000445,train,Manual Review
CLM-000446,test,Valid Claim
CLM-000447,train,Manual Review
CLM-000448,train,Manual Review
CLM-000449,train,Invalid Claim
CLM-000450,train,Invalid Claim
CLM-000451,train,Manual Review
CLM-000452,train,Invalid Claim
CLM-000453,validation,Manual Review
CLM-000454,test,Valid Claim
CLM-000455,train,Manual Review
CLM-000456,test,Invalid Claim
CLM-000457,test,Invalid Claim
CLM-000458,train,Valid Claim
CLM-000459,train,Invalid Claim
CLM-000460,test,Invalid Claim
CLM-000461,train,Manual Review
CLM-000462,train,Valid Claim
CLM-000463,train,Manual Review
CLM-000464,train,Invalid Claim
CLM-000465,train,Manual Review
CLM-000466,test,Valid Claim
CLM-000467,train,Invalid Claim
CLM-000468,test,Invalid Claim
CLM-000469,train,Invalid Claim
CLM-000470,validation,Manual Review
CLM-000471,train,Invalid Claim
CLM-000472,train,Manual Review
CLM-000473,train,Valid Claim
CLM-000474,test,Valid Claim
CLM-000475,train,Valid Claim
CLM-000476,validation,Valid Claim
CLM-000477,train,Invalid Claim
CLM-000478,train,Manual Review
CLM-000479,train,Manual Review
CLM-000480,train,Valid Claim
CLM-000481,train,Invalid Claim
CLM-000482,test,Invalid Claim
CLM-000483,train,Manual Review
CLM-000484,validation,Valid Claim
CLM-000485,train,Manual Review
CLM-000486,train,Invalid Claim
CLM-000487,train,Valid Claim
CLM-000488,train,Valid Claim
CLM-000489,validation,Invalid Claim
CLM-000490,test,Valid Claim
CLM-000491,test,Manual Review
CLM-000492,train,Invalid Claim
CLM-000493,train,Manual Review
CLM-000494,train,Invalid Claim
CLM-000495,train,Invalid Claim
CLM-000496,test,Manual Review
CLM-000497,train,Manual Review
CLM-000498,train,Valid Claim
CLM-000499,train,Invalid Claim
CLM-000500,train,Invalid Claim
CLM-000501,test,Invalid Claim
CLM-000502,test,Valid Claim
CLM-000503,test,Manual Review
CLM-000504,train,Invalid Claim
CLM-000505,train,Valid Claim
CLM-000506,validation,Valid Claim
CLM-000507,train,Manual Review
CLM-000508,test,Invalid Claim
CLM-000509,train,Manual Review
CLM-000510,train,Manual Review
CLM-000511,train,Valid Claim
CLM-000512,train,Manual Review
CLM-000513,train,Valid Claim
CLM-000514,train,Valid Claim
CLM-000515,train,Invalid Claim
CLM-000516,validation,Invalid Claim
CLM-000517,train,Valid Claim
CLM-000518,validation,Manual Review
CLM-000519,train,Invalid Claim
CLM-000520,validation,Invalid Claim
CLM-000521,test,Valid Claim
CLM-000522,train,Manual Review
CLM-000523,train,Valid Claim
CLM-000524,train,Valid Claim
CLM-000525,train,Invalid Claim
CLM-000526,train,Invalid Claim
CLM-000527,test,Invalid Claim
CLM-000528,test,Manual Review
CLM-000529,train,Valid Claim
CLM-000530,train,Valid Claim
CLM-000531,test,Invalid Claim
CLM-000532,train,Manual Review
CLM-000533,test,Manual Review
CLM-000534,train,Invalid Claim
CLM-000535,train,Invalid Claim
CLM-000536,validation,Manual Review
CLM-000537,validation,Invalid Claim
CLM-000538,train,Invalid Claim
CLM-000539,test,Invalid Claim
CLM-000540,train,Invalid Claim
CLM-000541,train,Valid Claim
CLM-000542,train,Valid Claim
CLM-000543,train,Manual Review
CLM-000544,train,Valid Claim
CLM-000545,train,Manual Review
CLM-000546,train,Invalid Claim
CLM-000547,validation,Manual Review
CLM-000548,train,Valid Claim
CLM-000549,train,Invalid Claim
CLM-000550,train,Invalid Claim
CLM-000551,train,Invalid Claim
CLM-000552,train,Valid Claim
CLM-000553,train,Invalid Claim
CLM-000554,test,Valid Claim
CLM-000555,train,Invalid Claim
CLM-000556,test,Invalid Claim
CLM-000557,train,Valid Claim
CLM-000558,train,Invalid Claim
CLM-000559,train,Valid Claim
CLM-000560,train,Invalid Claim
CLM-000561,train,Manual Review
CLM-000562,train,Valid Claim
CLM-000563,train,Valid Claim
CLM-000564,train,Invalid Claim
CLM-000565,train,Manual Review
CLM-000566,train,Valid Claim
CLM-000567,train,Manual Review
CLM-000568,train,Invalid Claim
CLM-000569,test,Manual Review
CLM-000570,train,Invalid Claim
CLM-000571,train,Invalid Claim
CLM-000572,validation,Invalid Claim
CLM-000573,test,Manual Review
CLM-000574,train,Valid Claim
CLM-000575,train,Invalid Claim
CLM-000576,train,Valid Claim
CLM-000577,train,Invalid Claim
CLM-000578,test,Valid Claim
CLM-000579,train,Invalid Claim
CLM-000580,train,Valid Claim
CLM-000581,train,Manual Review
CLM-000582,validation,Valid Claim
CLM-000583,train,Invalid Claim
CLM-000584,train,Manual Review
CLM-000585,train,Manual Review
CLM-000586,train,Invalid Claim
CLM-000587,train,Invalid Claim
CLM-000588,train,Invalid Claim
CLM-000589,test,Valid Claim
CLM-000590,train,Manual Review
CLM-000591,train,Manual Review
CLM-000592,train,Valid Claim
CLM-000593,train,Manual Review
CLM-000594,train,Invalid Claim
CLM-000595,train,Valid Claim
CLM-000596,train,Valid Claim
CLM-000597,train,Manual Review
CLM-000598,train,Valid Claim
CLM-000599,train,Invalid Claim
CLM-000600,validation,Manual Review
CLM-000601,train,Valid Claim
CLM-000602,train,Manual Review
CLM-000603,train,Invalid Claim
CLM-000604,train,Invalid Claim
CLM-000605,validation,Manual Review
CLM-000606,train,Valid Claim
CLM-000607,train,Invalid Claim
CLM-000608,validation,Valid Claim
CLM-000609,train,Valid Claim
CLM-000610,train,Invalid Claim
CLM-000611,test,Valid Claim
CLM-000612,train,Invalid Claim
CLM-000613,train,Invalid Claim
CLM-000614,test,Valid Claim
CLM-000615,train,Invalid Claim
CLM-000616,train,Valid Claim
CLM-000617,train,Invalid Claim
CLM-000618,validation,Manual Review
CLM-000619,train,Manual Review
CLM-000620,test,Valid Claim
CLM-000621,train,Manual Review
CLM-000622,train,Invalid Claim
CLM-000623,train,Invalid Claim
CLM-000624,train,Manual Review
CLM-000625,train,Manual Review
CLM-000626,train,Manual Review
CLM-000627,train,Valid Claim
CLM-000628,train,Valid Claim
CLM-000629,validation,Invalid Claim
CLM-000630,train,Manual Review
CLM-000631,validation,Valid Claim
CLM-000632,test,Invalid Claim
CLM-000633,train,Valid Claim
CLM-000634,train,Manual Review
CLM-000635,train,Manual Review
CLM-000636,train,Invalid Claim
CLM-000637,test,Manual Review
CLM-000638,train,Valid Claim
CLM-000639,test,Valid Claim
CLM-000640,train,Valid Claim
CLM-000641,train,Manual Review
CLM-000642,validation,Valid Claim
CLM-000643,validation,Invalid Claim
CLM-000644,test,Invalid Claim
CLM-000645,validation,Invalid Claim
CLM-000646,test,Manual Review
CLM-000647,validation,Valid Claim
CLM-000648,train,Manual Review
CLM-000649,validation,Invalid Claim
CLM-000650,validation,Invalid Claim
CLM-000651,train,Valid Claim
CLM-000652,train,Manual Review
CLM-000653,validation,Manual Review
CLM-000654,train,Manual Review
CLM-000655,test,Valid Claim
CLM-000656,train,Invalid Claim
CLM-000657,train,Invalid Claim
CLM-000658,train,Manual Review
CLM-000659,train,Valid Claim
CLM-000660,test,Valid Claim
CLM-000661,test,Valid Claim
CLM-000662,train,Invalid Claim
CLM-000663,train,Invalid Claim
CLM-000664,train,Valid Claim
CLM-000665,train,Manual Review
CLM-000666,train,Invalid Claim
CLM-000667,train,Invalid Claim
CLM-000668,train,Manual Review
CLM-000669,train,Manual Review
CLM-000670,train,Valid Claim
CLM-000671,train,Invalid Claim
CLM-000672,train,Invalid Claim
CLM-000673,validation,Valid Claim
CLM-000674,train,Manual Review
CLM-000675,test,Invalid Claim
CLM-000676,train,Invalid Claim
CLM-000677,train,Valid Claim
CLM-000678,validation,Valid Claim
CLM-000679,train,Valid Claim
CLM-000680,train,Manual Review
CLM-000681,train,Manual Review
CLM-000682,test,Invalid Claim
CLM-000683,train,Manual Review
CLM-000684,test,Manual Review
CLM-000685,test,Invalid Claim
CLM-000686,train,Invalid Claim
CLM-000687,train,Manual Review
CLM-000688,train,Manual Review
CLM-000689,train,Valid Claim
CLM-000690,validation,Manual Review
CLM-000691,train,Valid Claim
CLM-000692,train,Valid Claim
CLM-000693,train,Manual Review
CLM-000694,test,Invalid Claim
CLM-000695,validation,Valid Claim
CLM-000696,train,Invalid Claim
CLM-000697,train,Valid Claim
CLM-000698,train,Valid Claim
CLM-000699,train,Valid Claim
CLM-000700,validation,Manual Review
CLM-000701,train,Invalid Claim
CLM-000702,validation,Valid Claim
CLM-000703,validation,Valid Claim
CLM-000704,train,Invalid Claim
CLM-000705,test,Manual Review
CLM-000706,train,Invalid Claim
CLM-000707,validation,Manual Review
CLM-000708,train,Valid Claim
CLM-000709,train,Valid Claim
CLM-000710,train,Manual Review
CLM-000711,train,Invalid Claim
CLM-000712,train,Valid Claim
CLM-000713,validation,Invalid Claim
CLM-000714,validation,Valid Claim
CLM-000715,train,Manual Review
CLM-000716,validation,Valid Claim
CLM-000717,validation,Invalid Claim
CLM-000718,train,Manual Review
CLM-000719,train,Valid Claim
CLM-000720,train,Manual Review
CLM-000721,train,Manual Review
CLM-000722,train,Valid Claim
CLM-000723,train,Manual Review
CLM-000724,train,Invalid Claim
CLM-000725,train,Manual Review
CLM-000726,train,Invalid Claim
CLM-000727,train,Manual Review
CLM-000728,validation,Invalid Claim
CLM-000729,train,Valid Claim
CLM-000730,train,Manual Review
CLM-000731,train,Valid Claim
CLM-000732,train,Invalid Claim
CLM-000733,train,Invalid Claim
CLM-000734,train,Valid Claim
CLM-000735,test,Invalid Claim
CLM-000736,test,Invalid Claim
CLM-000737,train,Valid Claim
CLM-000738,validation,Invalid Claim
CLM-000739,train,Valid Claim
CLM-000740,train,Invalid Claim
CLM-000741,train,Manual Review
CLM-000742,train,Invalid Claim
CLM-000743,train,Invalid Claim
CLM-000744,train,Invalid Claim
CLM-000745,train,Invalid Claim
CLM-000746,train,Manual Review
CLM-000747,train,Manual Review
CLM-000748,train,Valid Claim
CLM-000749,train,Valid Claim
CLM-000750,validation,Valid Claim
CLM-000751,train,Manual Review
CLM-000752,train,Manual Review
CLM-000753,validation,Invalid Claim
CLM-000754,train,Manual Review
CLM-000755,validation,Manual Review
CLM-000756,validation,Invalid Claim
CLM-000757,train,Manual Review
CLM-000758,train,Invalid Claim
CLM-000759,train,Valid Claim
CLM-000760,train,Manual Review
CLM-000761,train,Invalid Claim
CLM-000762,validation,Manual Review
CLM-000763,test,Invalid Claim
CLM-000764,test,Invalid Claim
CLM-000765,train,Manual Review
CLM-000766,train,Manual Review
CLM-000767,train,Valid Claim
CLM-000768,test,Manual Review
CLM-000769,train,Valid Claim
CLM-000770,train,Valid Claim
CLM-000771,train,Manual Review
CLM-000772,validation,Valid Claim
CLM-000773,validation,Manual Review
CLM-000774,test,Valid Claim
CLM-000775,validation,Invalid Claim
CLM-000776,train,Manual Review
CLM-000777,train,Valid Claim
CLM-000778,test,Valid Claim
CLM-000779,train,Manual Review
CLM-000780,train,Invalid Claim
CLM-000781,train,Manual Review
CLM-000782,train,Manual Review
CLM-000783,train,Valid Claim
CLM-000784,validation,Invalid Claim
CLM-000785,validation,Valid Claim
CLM-000786,test,Invalid Claim
CLM-000787,train,Valid Claim
CLM-000788,validation,Valid Claim
CLM-000789,test,Valid Claim
CLM-000790,train,Valid Claim
CLM-000791,train,Manual Review
CLM-000792,train,Valid Claim
CLM-000793,train,Manual Review
CLM-000794,train,Manual Review
CLM-000795,train,Valid Claim
CLM-000796,train,Invalid Claim
CLM-000797,train,Invalid Claim
CLM-000798,train,Invalid Claim
CLM-000799,train,Valid Claim
CLM-000800,train,Manual Review
CLM-000801,validation,Valid Claim
CLM-000802,train,Manual Review
CLM-000803,train,Valid Claim
CLM-000804,train,Manual Review
CLM-000805,validation,Invalid Claim
CLM-000806,train,Manual Review
CLM-000807,train,Manual Review
CLM-000808,train,Valid Claim
CLM-000809,train,Valid Claim
CLM-000810,train,Invalid Claim
CLM-000811,validation,Manual Review
CLM-000812,train,Invalid Claim
CLM-000813,validation,Invalid Claim
CLM-000814,test,Valid Claim
CLM-000815,test,Manual Review
CLM-000816,validation,Manual Review
CLM-000817,train,Manual Review
CLM-000818,train,Valid Claim
CLM-000819,train,Manual Review
CLM-000820,train,Manual Review
CLM-000821,train,Valid Claim
CLM-000822,test,Manual Review
CLM-000823,train,Invalid Claim
CLM-000824,train,Valid Claim
CLM-000825,test,Invalid Claim
CLM-000826,train,Manual Review
CLM-000827,train,Valid Claim
CLM-000828,test,Valid Claim
CLM-000829,train,Invalid Claim
CLM-000830,train,Invalid Claim
CLM-000831,train,Valid Claim
CLM-000832,train,Invalid Claim
CLM-000833,train,Invalid Claim
CLM-000834,train,Valid Claim
CLM-000835,test,Valid Claim
CLM-000836,train,Invalid Claim
CLM-000837,train,Valid Claim
CLM-000838,train,Manual Review
CLM-000839,train,Invalid Claim
CLM-000840,test,Manual Review
CLM-000841,train,Manual Review
CLM-000842,train,Invalid Claim
CLM-000843,train,Invalid Claim
CLM-000844,train,Manual Review
CLM-000845,train,Invalid Claim
CLM-000846,validation,Valid Claim
CLM-000847,validation,Manual Review
CLM-000848,validation,Valid Claim
CLM-000849,train,Manual Review
CLM-000850,train,Valid Claim
CLM-000851,train,Valid Claim
CLM-000852,train,Invalid Claim
CLM-000853,test,Manual Review
CLM-000854,test,Invalid Claim
CLM-000855,validation,Invalid Claim
CLM-000856,train,Valid Claim
CLM-000857,test,Invalid Claim
CLM-000858,train,Invalid Claim
CLM-000859,train,Manual Review
CLM-000860,train,Invalid Claim
CLM-000861,validation,Invalid Claim
CLM-000862,train,Manual Review
CLM-000863,validation,Manual Review
CLM-000864,train,Valid Claim
CLM-000865,train,Manual Review
CLM-000866,train,Manual Review
CLM-000867,test,Valid Claim
CLM-000868,train,Valid Claim
CLM-000869,train,Manual Review
CLM-000870,train,Valid Claim
CLM-000871,train,Manual Review
CLM-000872,test,Manual Review
CLM-000873,validation,Invalid Claim
CLM-000874,validation,Valid Claim
CLM-000875,test,Valid Claim
CLM-000876,train,Manual Review
CLM-000877,test,Valid Claim
CLM-000878,train,Invalid Claim
CLM-000879,train,Invalid Claim
CLM-000880,train,Valid Claim
CLM-000881,train,Invalid Claim
CLM-000882,train,Manual Review
CLM-000883,train,Valid Claim
CLM-000884,validation,Manual Review
CLM-000885,validation,Manual Review
CLM-000886,train,Invalid Claim
CLM-000887,train,Invalid Claim
CLM-000888,train,Valid Claim
CLM-000889,train,Valid Claim
CLM-000890,train,Valid Claim
CLM-000891,train,Invalid Claim
CLM-000892,train,Valid Claim
CLM-000893,train,Manual Review
CLM-000894,train,Valid Claim
CLM-000895,validation,Valid Claim
CLM-000896,test,Manual Review
CLM-000897,test,Manual Review
CLM-000898,train,Manual Review
CLM-000899,train,Manual Review
CLM-000900,train,Invalid Claim
CLM-000901,train,Manual Review
CLM-000902,test,Valid Claim
CLM-000903,train,Valid Claim
CLM-000904,train,Valid Claim
CLM-000905,train,Invalid Claim
CLM-000906,train,Valid Claim
CLM-000907,test,Invalid Claim
CLM-000908,train,Invalid Claim
CLM-000909,train,Invalid Claim
CLM-000910,test,Invalid Claim
CLM-000911,test,Invalid Claim
CLM-000912,train,Invalid Claim
CLM-000913,train,Manual Review
CLM-000914,train,Manual Review
CLM-000915,test,Manual Review
CLM-000916,train,Valid Claim
CLM-000917,test,Manual Review
CLM-000918,train,Manual Review
CLM-000919,test,Valid Claim
CLM-000920,train,Invalid Claim
CLM-000921,train,Valid Claim
CLM-000922,train,Invalid Claim
CLM-000923,test,Invalid Claim
CLM-000924,validation,Manual Review
CLM-000925,test,Invalid Claim
CLM-000926,train,Manual Review
CLM-000927,validation,Valid Claim
CLM-000928,validation,Valid Claim
CLM-000929,train,Manual Review
CLM-000930,train,Valid Claim
CLM-000931,train,Invalid Claim
CLM-000932,train,Invalid Claim
CLM-000933,train,Manual Review
CLM-000934,test,Valid Claim
CLM-000935,train,Valid Claim
CLM-000936,train,Invalid Claim
CLM-000937,validation,Valid Claim
CLM-000938,train,Manual Review
CLM-000939,train,Valid Claim
CLM-000940,test,Invalid Claim
CLM-000941,train,Invalid Claim
CLM-000942,test,Valid Claim
CLM-000943,test,Manual Review
CLM-000944,train,Manual Review
CLM-000945,train,Valid Claim
CLM-000946,train,Manual Review
CLM-000947,train,Manual Review
CLM-000948,test,Invalid Claim
CLM-000949,train,Manual Review
CLM-000950,train,Invalid Claim
CLM-000951,test,Manual Review
CLM-000952,train,Invalid Claim
CLM-000953,train,Manual Review
CLM-000954,train,Manual Review
CLM-000955,train,Manual Review
CLM-000956,test,Invalid Claim
CLM-000957,train,Valid Claim
CLM-000958,train,Invalid Claim
CLM-000959,validation,Valid Claim
CLM-000960,validation,Invalid Claim
CLM-000961,train,Valid Claim
CLM-000962,train,Invalid Claim
CLM-000963,train,Invalid Claim
CLM-000964,train,Invalid Claim
CLM-000965,train,Invalid Claim
CLM-000966,validation,Manual Review
CLM-000967,train,Manual Review
CLM-000968,test,Manual Review
CLM-000969,validation,Valid Claim
CLM-000970,train,Valid Claim
CLM-000971,train,Valid Claim
CLM-000972,train,Valid Claim
CLM-000973,train,Invalid Claim
CLM-000974,train,Valid Claim
CLM-000975,train,Invalid Claim
CLM-000976,train,Valid Claim
CLM-000977,train,Manual Review
CLM-000978,validation,Invalid Claim
CLM-000979,validation,Manual Review
CLM-000980,train,Manual Review
CLM-000981,validation,Manual Review
CLM-000982,test,Manual Review
CLM-000983,train,Valid Claim
CLM-000984,train,Manual Review
CLM-000985,train,Valid Claim
CLM-000986,train,Valid Claim
CLM-000987,train,Valid Claim
CLM-000988,train,Invalid Claim
CLM-000989,train,Valid Claim
CLM-000990,validation,Invalid Claim
CLM-000991,train,Invalid Claim
CLM-000992,test,Valid Claim
CLM-000993,train,Valid Claim
CLM-000994,train,Manual Review
CLM-000995,validation,Manual Review
CLM-000996,validation,Valid Claim
CLM-000997,train,Manual Review
CLM-000998,train,Manual Review
CLM-000999,validation,Manual Review
CLM-001000,train,Valid Claim
CLM-001001,test,Valid Claim
CLM-001002,test,Valid Claim
CLM-001003,validation,Invalid Claim
CLM-001004,train,Invalid Claim
CLM-001005,test,Valid Claim
CLM-001006,train,Manual Review
CLM-001007,train,Valid Claim
CLM-001008,train,Manual Review
CLM-001009,test,Valid Claim
CLM-001010,train,Manual Review
CLM-001011,train,Manual Review
CLM-001012,validation,Manual Review
CLM-001013,train,Invalid Claim
CLM-001014,test,Invalid Claim
CLM-001015,validation,Valid Claim
CLM-001016,validation,Valid Claim
CLM-001017,test,Valid Claim
CLM-001018,train,Manual Review
CLM-001019,train,Invalid Claim
CLM-001020,train,Manual Review
CLM-001021,train,Valid Claim
CLM-001022,train,Valid Claim
CLM-001023,train,Valid Claim
CLM-001024,test,Manual Review
CLM-001025,train,Manual Review
CLM-001026,train,Invalid Claim
CLM-001027,train,Valid Claim
CLM-001028,test,Valid Claim
CLM-001029,train,Invalid Claim
CLM-001030,validation,Valid Claim
CLM-001031,train,Valid Claim
CLM-001032,train,Invalid Claim
CLM-001033,train,Manual Review
CLM-001034,validation,Manual Review
CLM-001035,validation,Manual Review
CLM-001036,train,Invalid Claim
CLM-001037,test,Invalid Claim
CLM-001038,train,Valid Claim
CLM-001039,train,Valid Claim
CLM-001040,test,Valid Claim
CLM-001041,train,Invalid Claim
CLM-001042,test,Invalid Claim
CLM-001043,train,Invalid Claim
CLM-001044,train,Invalid Claim
CLM-001045,validation,Invalid Claim
CLM-001046,train,Manual Review
CLM-001047,train,Valid Claim
CLM-001048,train,Invalid Claim
CLM-001049,validation,Manual Review
CLM-001050,train,Manual Review
CLM-001051,train,Manual Review
CLM-001052,train,Valid Claim
CLM-001053,train,Invalid Claim
CLM-001054,train,Manual Review
CLM-001055,train,Valid Claim
CLM-001056,validation,Invalid Claim
CLM-001057,train,Invalid Claim
CLM-001058,train,Manual Review
CLM-001059,test,Manual Review
CLM-001060,train,Invalid Claim
CLM-001061,train,Valid Claim
CLM-001062,train,Invalid Claim
CLM-001063,train,Manual Review
CLM-001064,train,Valid Claim
CLM-001065,test,Manual Review
CLM-001066,test,Valid Claim
CLM-001067,validation,Manual Review
CLM-001068,train,Manual Review
CLM-001069,validation,Invalid Claim
CLM-001070,train,Valid Claim
CLM-001071,train,Valid Claim
CLM-001072,test,Invalid Claim
CLM-001073,train,Manual Review
CLM-001074,test,Invalid Claim
CLM-001075,train,Valid Claim
CLM-001076,train,Manual Review
CLM-001077,train,Manual Review
CLM-001078,train,Invalid Claim
CLM-001079,train,Manual Review
CLM-001080,test,Manual Review
CLM-001081,validation,Manual Review
CLM-001082,train,Valid Claim
CLM-001083,train,Invalid Claim
CLM-001084,train,Invalid Claim
CLM-001085,train,Invalid Claim
CLM-001086,train,Invalid Claim
CLM-001087,train,Invalid Claim
CLM-001088,test,Invalid Claim
CLM-001089,train,Manual Review
CLM-001090,train,Manual Review
CLM-001091,train,Invalid Claim
CLM-001092,train,Manual Review
CLM-001093,validation,Valid Claim
CLM-001094,train,Manual Review
CLM-001095,train,Invalid Claim
CLM-001096,validation,Invalid Claim
CLM-001097,train,Invalid Claim
CLM-001098,validation,Invalid Claim
CLM-001099,test,Valid Claim
CLM-001100,train,Manual Review
CLM-001101,test,Invalid Claim
CLM-001102,validation,Valid Claim
CLM-001103,test,Manual Review
CLM-001104,train,Invalid Claim
CLM-001105,train,Manual Review
CLM-001106,train,Invalid Claim
CLM-001107,train,Invalid Claim
CLM-001108,train,Valid Claim
CLM-001109,train,Invalid Claim
CLM-001110,validation,Invalid Claim
CLM-001111,train,Valid Claim
CLM-001112,train,Invalid Claim
CLM-001113,train,Invalid Claim
CLM-001114,train,Invalid Claim
CLM-001115,train,Manual Review
CLM-001116,train,Invalid Claim
CLM-001117,validation,Manual Review
CLM-001118,train,Invalid Claim
CLM-001119,test,Manual Review
CLM-001120,train,Manual Review
CLM-001121,test,Manual Review
CLM-001122,validation,Invalid Claim
CLM-001123,train,Valid Claim
CLM-001124,validation,Manual Review
CLM-001125,train,Invalid Claim
CLM-001126,test,Valid Claim
CLM-001127,validation,Invalid Claim
CLM-001128,train,Valid Claim
CLM-001129,train,Valid Claim
CLM-001130,validation,Valid Claim
CLM-001131,train,Invalid Claim
CLM-001132,train,Manual Review
CLM-001133,test,Valid Claim
CLM-001134,train,Valid Claim
CLM-001135,test,Valid Claim
CLM-001136,train,Manual Review
CLM-001137,train,Invalid Claim
CLM-001138,train,Manual Review
CLM-001139,train,Invalid Claim
CLM-001140,train,Valid Claim
CLM-001141,train,Manual Review
CLM-001142,train,Manual Review
CLM-001143,validation,Manual Review
CLM-001144,train,Valid Claim
CLM-001145,train,Invalid Claim
CLM-001146,test,Invalid Claim
CLM-001147,train,Invalid Claim
CLM-001148,train,Manual Review
CLM-001149,train,Invalid Claim
CLM-001150,train,Invalid Claim
CLM-001151,train,Invalid Claim
CLM-001152,train,Valid Claim
CLM-001153,test,Valid Claim
CLM-001154,validation,Valid Claim
CLM-001155,train,Invalid Claim
CLM-001156,train,Invalid Claim
CLM-001157,train,Valid Claim
CLM-001158,test,Manual Review
CLM-001159,test,Invalid Claim
CLM-001160,train,Valid Claim
CLM-001161,train,Manual Review
CLM-001162,test,Manual Review
CLM-001163,train,Manual Review
CLM-001164,train,Invalid Claim
CLM-001165,train,Invalid Claim
CLM-001166,train,Valid Claim
CLM-001167,train,Invalid Claim
CLM-001168,train,Manual Review
CLM-001169,test,Invalid Claim
CLM-001170,train,Invalid Claim
CLM-001171,validation,Invalid Claim
CLM-001172,test,Invalid Claim
CLM-001173,train,Valid Claim
CLM-001174,train,Manual Review
CLM-001175,train,Valid Claim
CLM-001176,test,Invalid Claim
CLM-001177,train,Invalid Claim
CLM-001178,train,Invalid Claim
CLM-001179,train,Manual Review
CLM-001180,train,Invalid Claim
CLM-001181,validation,Manual Review
CLM-001182,validation,Invalid Claim
CLM-001183,train,Manual Review
CLM-001184,validation,Valid Claim
CLM-001185,train,Invalid Claim
CLM-001186,train,Valid Claim
CLM-001187,train,Manual Review
CLM-001188,train,Valid Claim
CLM-001189,train,Valid Claim
CLM-001190,train,Manual Review
CLM-001191,train,Valid Claim
CLM-001192,train,Manual Review
CLM-001193,train,Valid Claim
CLM-001194,train,Valid Claim
CLM-001195,train,Manual Review
CLM-001196,validation,Valid Claim
CLM-001197,train,Invalid Claim
CLM-001198,train,Manual Review
CLM-001199,train,Invalid Claim
CLM-001200,validation,Invalid Claim
CLM-001201,train,Valid Claim
CLM-001202,train,Manual Review
CLM-001203,train,Manual Review
CLM-001204,train,Manual Review
CLM-001205,train,Invalid Claim
CLM-001206,train,Manual Review
CLM-001207,train,Manual Review
CLM-001208,train,Invalid Claim
CLM-001209,train,Manual Review
CLM-001210,train,Manual Review
CLM-001211,train,Invalid Claim
CLM-001212,validation,Manual Review
CLM-001213,train,Invalid Claim
CLM-001214,train,Valid Claim
CLM-001215,train,Manual Review
CLM-001216,train,Invalid Claim
CLM-001217,test,Invalid Claim
CLM-001218,train,Invalid Claim
CLM-001219,validation,Manual Review
CLM-001220,train,Invalid Claim
CLM-001221,test,Manual Review
CLM-001222,train,Invalid Claim
CLM-001223,train,Invalid Claim
CLM-001224,train,Valid Claim
CLM-001225,train,Invalid Claim
CLM-001226,test,Manual Review
CLM-001227,train,Valid Claim
CLM-001228,train,Invalid Claim
CLM-001229,test,Valid Claim
CLM-001230,validation,Valid Claim
CLM-001231,test,Manual Review
CLM-001232,train,Manual Review
CLM-001233,train,Valid Claim
CLM-001234,train,Invalid Claim
CLM-001235,train,Manual Review
CLM-001236,train,Manual Review
CLM-001237,validation,Invalid Claim
CLM-001238,train,Invalid Claim
CLM-001239,train,Valid Claim
CLM-001240,validation,Valid Claim
CLM-001241,validation,Valid Claim
CLM-001242,train,Manual Review
CLM-001243,train,Valid Claim
CLM-001244,train,Invalid Claim
CLM-001245,test,Invalid Claim
CLM-001246,train,Manual Review
CLM-001247,train,Manual Review
CLM-001248,validation,Invalid Claim
CLM-001249,train,Valid Claim
CLM-001250,train,Invalid Claim
CLM-001251,train,Valid Claim
CLM-001252,train,Invalid Claim
CLM-001253,train,Valid Claim
CLM-001254,test,Invalid Claim
CLM-001255,train,Manual Review
CLM-001256,train,Manual Review
CLM-001257,test,Valid Claim
CLM-001258,train,Manual Review
CLM-001259,train,Invalid Claim
CLM-001260,test,Manual Review
CLM-001261,train,Manual Review
CLM-001262,train,Valid Claim
CLM-001263,test,Invalid Claim
CLM-001264,train,Valid Claim
CLM-001265,train,Manual Review
CLM-001266,train,Valid Claim
CLM-001267,test,Invalid Claim
CLM-001268,train,Invalid Claim
CLM-001269,validation,Manual Review
CLM-001270,train,Valid Claim
CLM-001271,train,Manual Review
CLM-001272,train,Valid Claim
CLM-001273,train,Invalid Claim
CLM-001274,train,Manual Review
CLM-001275,train,Valid Claim
CLM-001276,train,Valid Claim
CLM-001277,train,Valid Claim
CLM-001278,validation,Valid Claim
CLM-001279,train,Manual Review
CLM-001280,validation,Valid Claim
CLM-001281,train,Manual Review
CLM-001282,train,Manual Review
CLM-001283,train,Valid Claim
CLM-001284,test,Manual Review
CLM-001285,train,Valid Claim
CLM-001286,validation,Valid Claim
CLM-001287,train,Invalid Claim
CLM-001288,test,Valid Claim
CLM-001289,train,Manual Review
CLM-001290,train,Manual Review
CLM-001291,train,Invalid Claim
CLM-001292,test,Invalid Claim
CLM-001293,train,Valid Claim
CLM-001294,train,Valid Claim
CLM-001295,train,Invalid Claim
CLM-001296,train,Invalid Claim
CLM-001297,train,Manual Review
CLM-001298,train,Invalid Claim
CLM-001299,train,Manual Review
CLM-001300,validation,Manual Review
CLM-001301,train,Valid Claim
CLM-001302,train,Valid Claim
CLM-001303,train,Invalid Claim
CLM-001304,train,Valid Claim
CLM-001305,train,Manual Review
CLM-001306,train,Manual Review
CLM-001307,validation,Manual Review
CLM-001308,train,Invalid Claim
CLM-001309,train,Invalid Claim
CLM-001310,train,Valid Claim
CLM-001311,train,Invalid Claim
CLM-001312,train,Valid Claim
CLM-001313,test,Valid Claim
CLM-001314,train,Invalid Claim
CLM-001315,train,Invalid Claim
CLM-001316,validation,Invalid Claim
CLM-001317,validation,Valid Claim
CLM-001318,train,Manual Review
CLM-001319,train,Invalid Claim
CLM-001320,test,Invalid Claim
CLM-001321,train,Manual Review
CLM-001322,validation,Manual Review
CLM-001323,test,Manual Review
CLM-001324,train,Manual Review
CLM-001325,validation,Manual Review
CLM-001326,train,Valid Claim
CLM-001327,train,Manual Review
CLM-001328,train,Valid Claim
CLM-001329,train,Manual Review
CLM-001330,train,Manual Review
CLM-001331,train,Valid Claim
CLM-001332,test,Invalid Claim
CLM-001333,train,Manual Review
CLM-001334,train,Valid Claim
CLM-001335,train,Valid Claim
CLM-001336,train,Invalid Claim
CLM-001337,validation,Invalid Claim
CLM-001338,train,Manual Review
CLM-001339,train,Valid Claim
CLM-001340,train,Valid Claim
CLM-001341,train,Manual Review
CLM-001342,validation,Manual Review
CLM-001343,train,Manual Review
CLM-001344,train,Valid Claim
CLM-001345,test,Manual Review
CLM-001346,train,Valid Claim
CLM-001347,train,Valid Claim
CLM-001348,train,Valid Claim
CLM-001349,train,Invalid Claim
CLM-001350,train,Valid Claim
CLM-001351,train,Manual Review
CLM-001352,train,Valid Claim
CLM-001353,train,Manual Review
CLM-001354,train,Valid Claim
CLM-001355,train,Manual Review
CLM-001356,train,Manual Review
CLM-001357,train,Invalid Claim
CLM-001358,validation,Valid Claim
CLM-001359,train,Invalid Claim
CLM-001360,train,Manual Review
CLM-001361,train,Valid Claim
CLM-001362,train,Manual Review
CLM-001363,train,Valid Claim
CLM-001364,train,Valid Claim
CLM-001365,train,Invalid Claim
CLM-001366,validation,Valid Claim
CLM-001367,train,Invalid Claim
CLM-001368,train,Invalid Claim
CLM-001369,validation,Invalid Claim
CLM-001370,validation,Manual Review
CLM-001371,validation,Valid Claim
CLM-001372,train,Invalid Claim
CLM-001373,train,Valid Claim
CLM-001374,train,Invalid Claim
CLM-001375,train,Valid Claim
CLM-001376,train,Valid Claim
CLM-001377,train,Valid Claim
CLM-001378,train,Invalid Claim
CLM-001379,test,Manual Review
CLM-001380,test,Valid Claim
CLM-001381,validation,Invalid Claim
CLM-001382,validation,Valid Claim
CLM-001383,train,Valid Claim
CLM-001384,test,Invalid Claim
CLM-001385,train,Valid Claim
CLM-001386,train,Invalid Claim
CLM-001387,train,Valid Claim
CLM-001388,test,Valid Claim
CLM-001389,train,Valid Claim
CLM-001390,train,Manual Review
CLM-001391,train,Invalid Claim
CLM-001392,train,Manual Review
CLM-001393,test,Valid Claim
CLM-001394,validation,Manual Review
CLM-001395,test,Invalid Claim
CLM-001396,train,Invalid Claim
CLM-001397,train,Manual Review
CLM-001398,train,Manual Review
CLM-001399,train,Valid Claim
CLM-001400,train,Invalid Claim
CLM-001401,validation,Manual Review
CLM-001402,train,Invalid Claim
CLM-001403,validation,Invalid Claim
CLM-001404,train,Invalid Claim
CLM-001405,train,Valid Claim
CLM-001406,train,Invalid Claim
CLM-001407,test,Invalid Claim
CLM-001408,train,Manual Review
CLM-001409,train,Valid Claim
CLM-001410,test,Invalid Claim
CLM-001411,train,Valid Claim
CLM-001412,train,Valid Claim
CLM-001413,train,Manual Review
CLM-001414,train,Manual Review
CLM-001415,test,Valid Claim
CLM-001416,train,Valid Claim
CLM-001417,validation,Manual Review
CLM-001418,train,Invalid Claim
CLM-001419,train,Valid Claim
CLM-001420,train,Invalid Claim
CLM-001421,validation,Invalid Claim
CLM-001422,train,Manual Review
CLM-001423,train,Invalid Claim
CLM-001424,test,Invalid Claim
CLM-001425,train,Invalid Claim
CLM-001426,validation,Invalid Claim
CLM-001427,train,Manual Review
CLM-001428,train,Valid Claim
CLM-001429,validation,Invalid Claim
CLM-001430,train,Invalid Claim
CLM-001431,train,Manual Review
CLM-001432,validation,Manual Review
CLM-001433,test,Valid Claim
CLM-001434,train,Valid Claim
CLM-001435,test,Valid Claim
CLM-001436,train,Manual Review
CLM-001437,test,Manual Review
CLM-001438,train,Valid Claim
CLM-001439,train,Invalid Claim
CLM-001440,train,Invalid Claim
CLM-001441,train,Invalid Claim
CLM-001442,train,Invalid Claim
CLM-001443,test,Invalid Claim
CLM-001444,train,Valid Claim
CLM-001445,validation,Invalid Claim
CLM-001446,train,Invalid Claim
CLM-001447,train,Valid Claim
CLM-001448,train,Manual Review
CLM-001449,validation,Manual Review
CLM-001450,train,Valid Claim
CLM-001451,test,Manual Review
CLM-001452,train,Valid Claim
CLM-001453,train,Valid Claim
CLM-001454,train,Valid Claim
CLM-001455,train,Invalid Claim
CLM-001456,train,Manual Review
CLM-001457,train,Manual Review
CLM-001458,test,Manual Review
CLM-001459,train,Manual Review
CLM-001460,train,Valid Claim
CLM-001461,train,Invalid Claim
CLM-001462,train,Valid Claim
CLM-001463,validation,Valid Claim
CLM-001464,test,Valid Claim
CLM-001465,train,Invalid Claim
CLM-001466,train,Manual Review
CLM-001467,test,Valid Claim
CLM-001468,train,Manual Review
CLM-001469,train,Invalid Claim
CLM-001470,test,Manual Review
CLM-001471,train,Invalid Claim
CLM-001472,test,Valid Claim
CLM-001473,train,Invalid Claim
CLM-001474,train,Manual Review
CLM-001475,train,Invalid Claim
CLM-001476,test,Valid Claim
CLM-001477,train,Invalid Claim
CLM-001478,validation,Manual Review
CLM-001479,train,Invalid Claim
CLM-001480,train,Valid Claim
CLM-001481,train,Invalid Claim
CLM-001482,train,Valid Claim
CLM-001483,train,Invalid Claim
CLM-001484,train,Manual Review
CLM-001485,validation,Manual Review
CLM-001486,train,Manual Review
CLM-001487,validation,Invalid Claim
CLM-001488,train,Invalid Claim
CLM-001489,train,Valid Claim
CLM-001490,test,Manual Review
CLM-001491,train,Manual Review
CLM-001492,train,Invalid Claim
CLM-001493,train,Valid Claim
CLM-001494,train,Valid Claim
CLM-001495,validation,Invalid Claim
CLM-001496,train,Manual Review
CLM-001497,validation,Manual Review
CLM-001498,validation,Invalid Claim
CLM-001499,train,Invalid Claim
CLM-001500,train,Valid Claim
